"Requirement ID","Requirement Type","Criterion/Authority","Title","Exact Requirement Summary","Applicability","Source URL","Evidence Expected","Test Method","Owner Function","Audit Questions","Pass Conditions","Failure Risks","Frequency","Effective Date","Due Date/Trigger","Notes"
"CERT-A1","Certification Criterion","§170.315(a)(1)","CPOE — Medications","Enable a user to record, change, and access medication orders electronically.","Base EHR","https://www.ecfr.gov/current/title-45/subtitle-A/subchapter-D/part-170/subpart-C/section-170.315","Live demonstration of order entry workflow; screenshots/recordings of medication ordering; documentation of order lifecycle (create, modify, access).","Conformance Method: documentation + visual inspection. No ONC test tool required.","Product / Engineering","Can users create, modify, and view medication orders? Is the workflow documented?","ATL tester confirms all CPOE actions for medications during visual inspection; documentation complete.","Certification failure; loss of Base EHR status; inability to generate CMS EHR Certification ID.","Initial certification + post-update re-test","2015 (2015 Edition Final Rule)","Prior to initial certification; re-test upon material changes","Base EHR criterion. Dependency: must also certify to (g)(3) SED."
"CERT-A2","Certification Criterion","§170.315(a)(2)","CPOE — Laboratory","Enable a user to record, change, and access laboratory orders electronically.","Base EHR","https://www.ecfr.gov/current/title-45/subtitle-A/subchapter-D/part-170/subpart-C/section-170.315","Live demonstration of lab order workflow; screenshots/recordings; documentation of order lifecycle.","Conformance Method: documentation + visual inspection.","Product / Engineering","Can users create, modify, and view laboratory orders? Is the workflow documented?","ATL tester confirms all CPOE actions for lab orders during visual inspection.","Certification failure; loss of Base EHR status.","Initial certification + post-update re-test","2015 (2015 Edition Final Rule)","Prior to initial certification","Base EHR criterion. Dependency: (g)(3) SED."
"CERT-A3","Certification Criterion","§170.315(a)(3)","CPOE — Diagnostic Imaging","Enable a user to record, change, and access diagnostic imaging orders electronically.","Base EHR","https://www.ecfr.gov/current/title-45/subtitle-A/subchapter-D/part-170/subpart-C/section-170.315","Live demonstration of imaging order workflow; screenshots/recordings.","Conformance Method: documentation + visual inspection.","Product / Engineering","Can users create, modify, and view diagnostic imaging orders?","ATL tester confirms all CPOE actions for imaging orders.","Certification failure; loss of Base EHR status.","Initial certification + post-update re-test","2015 (2015 Edition Final Rule)","Prior to initial certification","Base EHR criterion. Dependency: (g)(3) SED."
"CERT-A4","Certification Criterion","§170.315(a)(4)","Drug-Drug, Drug-Allergy Interaction Checks","Automatically and electronically check drug-drug and drug-allergy interactions when CPOE is used; enable severity level adjustment restricted to identified users or system admin.","Market-critical","https://www.ecfr.gov/current/title-45/subtitle-A/subchapter-D/part-170/subpart-C/section-170.315","Demonstration of interaction alerts triggering during CPOE; documentation of severity adjustment controls; evidence of user restriction for severity changes.","Conformance Method: visual inspection + documentation.","Product / Engineering","Do interaction checks fire automatically during CPOE? Can only authorized users adjust severity levels?","Alerts demonstrated for known interactions; severity controls restricted to authorized users.","Patient safety risk; market disqualification; competitive disadvantage.","Initial certification + post-update re-test","2015 (2015 Edition Final Rule)","Prior to initial certification","Not in Base EHR but universally expected. Dependency: (g)(3) SED."
"CERT-A5","Certification Criterion","§170.315(a)(5)","Demographics & Observations","Record patient demographics per USCDI: race (CDC v1.2), ethnicity, preferred language, sex (SNOMED CT Male/Female per EO 14168), date of birth. USCDI v3 adds Sex Parameter for Clinical Use and Name to Use (subject to EDN2025.01 enforcement discretion).","Base EHR","https://www.ecfr.gov/current/title-45/subtitle-A/subchapter-D/part-170/subpart-C/section-170.315","Screenshots of demographic entry forms; evidence of coded value sets (CDC race/ethnicity v1.2, SNOMED CT sex); compliance with EO 14168 adjustments.","Conformance Method: visual inspection + documentation.","Product / Engineering","Does the system record all required demographic elements with correct code sets? Are SOGI elements handled per EO 14168/EDN2025.01?","All required data elements present with correct terminologies; SOGI elements excluded or supported per enforcement discretion.","Certification failure; loss of Base EHR status; USCDI non-conformance.","Initial certification + update per HTI-1 by Mar 1, 2026","2015; revised by HTI-1 (Mar 11, 2024)","Mar 1, 2026 (extended from Jan 1, 2026 per EDN2025.06)","SOGI elements under EDN2025.01 discretion (~12 months from Mar 21, 2025). Dependency: (g)(3) SED."
"CERT-A12","Certification Criterion","§170.315(a)(12)","Family Health History","Record, change, and access family health history per HL7 Pedigree standard and SNOMED CT.","CEHRT","https://www.ecfr.gov/current/title-45/subtitle-A/subchapter-D/part-170/subpart-C/section-170.315","Live demonstration of family history recording; coded entry evidence.","Conformance Method.","Product / Engineering","Can users record, change, and view family health history? Are entries coded to SNOMED CT?","Family health history recorded with correct coding; all CRUD operations demonstrated.","Loss of CEHRT status; customers cannot participate in MIPS PI.","Initial certification + post-update re-test","2015; HTI-1 updated code sets","Prior to initial certification; code set update by Mar 1, 2026","Required by CEHRT definition (42 CFR §414.1305). HTI-5 proposes removal eff. Jan 1, 2027."
"CERT-A14","Certification Criterion","§170.315(a)(14)","Implantable Device List","Record UDIs; parse UDI elements per FDA GUDID; access device descriptions from FDA AccessGUDID database.","Base EHR","https://www.ecfr.gov/current/title-45/subtitle-A/subchapter-D/part-170/subpart-C/section-170.315","UDI recording demonstration; GUDID lookup evidence; parsed UDI display.","Conformance Method: visual inspection + documentation.","Product / Engineering","Can UDIs be recorded and parsed? Does the system query AccessGUDID?","UDIs recorded; parsed elements displayed; GUDID integration functional.","Certification failure; loss of Base EHR status.","Initial certification + post-update re-test","2015 (2015 Edition Final Rule)","Prior to initial certification","Base EHR. Dependency: (g)(3) SED. HTI-5 proposes removal."
"CERT-A15","Certification Criterion","§170.315(a)(15)","Social, Psychological, and Behavioral Data","Record social, psychological, and behavioral data per USCDI data elements (SDOH assessments).","Market-critical","https://www.ecfr.gov/current/title-45/subtitle-A/subchapter-D/part-170/subpart-C/section-170.315","SDOH screening data recording demonstration; coded value evidence.","Conformance Method.","Product / Engineering","Can the system record SDOH assessment data per USCDI elements?","SDOH data elements recorded with correct coding.","Competitive disadvantage; value-based care readiness gap.","Initial certification + update per HTI-1","2015; HTI-1 updated code sets","Mar 1, 2026 (extended per EDN2025.06)","Increasingly expected for value-based care."
"CERT-B1","Certification Criterion","§170.315(b)(1)","Transitions of Care","Create, send, receive, and display transition of care/referral summaries as C-CDA documents (CCD, Referral Note). Must include all USCDI data elements.","Base EHR","https://www.ecfr.gov/current/title-45/subtitle-A/subchapter-D/part-170/subpart-C/section-170.315","C-CDA documents validated error-free by SITE C-CDA USCDI v3 Validator; send/receive workflow screenshots; USCDI data element coverage matrix.","Test Procedure: test tools (SITE C-CDA Validators) + visual inspection + ONC test data.","Product / Engineering","Can the system create, send, receive, and display valid C-CDA documents? Do documents include all USCDI v3 elements?","C-CDA validation reports error-free; USCDI v3 data element coverage complete; send/receive demonstrated.","Certification failure; loss of Base EHR status; inability to support PI HIE measures.","Initial certification + update for C-CDA R4.1 / USCDI v3","2015; updated by HTI-1 (C-CDA R4.1, USCDI v3)","Mar 1, 2026 (C-CDA R4.1 + USCDI v3, extended per EDN2025.06)","Core interoperability criterion. Dependencies: (g)(6) C-CDA performance."
"CERT-B2","Certification Criterion","§170.315(b)(2)","Clinical Information Reconciliation","Reconcile and incorporate problems, medications, and allergies from received C-CDA documents; generate a new C-CDA from reconciled data.","CEHRT","https://www.ecfr.gov/current/title-45/subtitle-A/subchapter-D/part-170/subpart-C/section-170.315","Demonstration of reconciliation workflow; C-CDA output validated by SITE; before/after comparison.","Test Procedure: test tools (SITE C-CDA Validators) + visual inspection.","Product / Engineering","Can the system reconcile problems, meds, and allergies from incoming C-CDAs? Does it produce valid C-CDA output?","Reconciliation workflow demonstrated; output C-CDA validated.","Loss of CEHRT status; PI HIE 'Receive & Reconcile' measure unsupported.","Initial certification + post-update re-test","2015 (2015 Edition Final Rule)","Prior to initial certification","Required for PI HIE measure. Dependency: (g)(3) SED. HTI-5 proposes removal eff. Jan 1, 2027."
"CERT-B3","Certification Criterion","§170.315(b)(3)","Electronic Prescribing","Create new prescriptions, refills, change requests, cancel, fill status notifications, and ePA transactions. Use NCPDP SCRIPT standard; medication selection via RxNorm.","CEHRT","https://www.ecfr.gov/current/title-45/subtitle-A/subchapter-D/part-170/subpart-C/section-170.315","eRx Testing Suite validation reports; NCPDP SCRIPT message samples; RxNorm mapping evidence; all transaction types demonstrated.","Test Procedure: eRx Testing Suite + test data.","Product / Engineering","Can the system generate all required NCPDP SCRIPT transaction types? Are medications coded to RxNorm?","eRx test suite passes; all transaction types validated; RxNorm coded.","PI e-Prescribing measure unsupported; certification failure.","Initial certification + update for SCRIPT 2023011","2015; HTI-4 updated to SCRIPT 2023011","Oct 1, 2025 (HTI-4 effective); SCRIPT v2017071 expires Jan 1, 2028","Will join Base EHR Jan 1, 2028. Dependency: (g)(3) SED."
"CERT-B4","Certification Criterion","§170.315(b)(4)","Real-Time Prescription Benefit","Process and display real-time prescription benefit information during prescribing; present patient-specific formulary, coverage, and cost data.","Market-critical","https://www.ecfr.gov/current/title-45/subtitle-A/subchapter-D/part-170/subpart-C/section-170.315","RTPB Testing Tool validation; demonstration of benefit display during prescribing workflow.","Test Procedure: RTPB Testing Tool.","Product / Engineering","Does the system query and display RTPB data during prescribing? Is NCPDP RTPB v13 standard used?","RTPB data displayed during prescribing; test tool validates messages.","Competitive disadvantage; will become Base EHR requirement in 2028.","Initial certification","Oct 1, 2025 (HTI-4)","Must co-certify with (b)(3); joins Base EHR Jan 1, 2028","New in HTI-4. Must co-certify with (b)(3)."
"CERT-B7","Certification Criterion","§170.315(b)(7)","Security Tags — Summary of Care — Send","Apply security labels/tags to C-CDA documents when sending, based on HL7 DS4P.","Optional","https://www.ecfr.gov/current/title-45/subtitle-A/subchapter-D/part-170/subpart-C/section-170.315","DS4P-tagged C-CDA documents; test tool validation.","Test Procedure: test tools.","Product / Engineering","Can the system apply DS4P security tags to outgoing C-CDA documents?","Security-tagged C-CDA documents validated.","Niche: relevant for behavioral health/SUD settings only.","Initial certification if elected","2015 (2015 Edition Final Rule)","If certified, ongoing compliance required","HTI-5 proposes removal."
"CERT-B8","Certification Criterion","§170.315(b)(8)","Security Tags — Summary of Care — Receive","Receive and process security-tagged C-CDA documents, enforcing access restrictions based on tags.","Optional","https://www.ecfr.gov/current/title-45/subtitle-A/subchapter-D/part-170/subpart-C/section-170.315","Demonstration of receiving and enforcing DS4P-tagged documents.","Test Procedure: test tools.","Product / Engineering","Can the system receive and enforce DS4P security tags on incoming C-CDAs?","DS4P tags correctly enforced on received documents.","Niche: behavioral health/SUD only.","Initial certification if elected","2015 (2015 Edition Final Rule)","If certified, ongoing compliance required","HTI-5 proposes removal."
"CERT-B9","Certification Criterion","§170.315(b)(9)","Care Plan","Record, change, access, create, and receive care plan information using C-CDA Care Plan document template.","Market-critical","https://www.ecfr.gov/current/title-45/subtitle-A/subchapter-D/part-170/subpart-C/section-170.315","C-CDA Care Plan document validated; workflow demonstration.","Test Procedure: test tools (SITE C-CDA Validators).","Product / Engineering","Can users record, modify, create, and receive care plans? Are C-CDA Care Plan documents valid?","C-CDA Care Plan validated; CRUD operations demonstrated.","Competitive disadvantage for chronic care management.","Initial certification + C-CDA R4.1 update","2015; updated by HTI-1 (C-CDA R4.1)","Prior to initial certification","Useful for chronic care. HTI-5 proposes removal."
"CERT-B10","Certification Criterion","§170.315(b)(10)","EHI Export","Single-patient and patient-population export of ALL EHI stored by the product. Export must be electronic, computable format. User must execute without developer assistance. Publicly accessible format documentation.","CEHRT","https://www.ecfr.gov/current/title-45/subtitle-A/subchapter-D/part-170/subpart-C/section-170.315","Data type inventory; single-patient and population export demonstration; sample export files; access control evidence; publicly posted format documentation URL.","Conformance Method: documentation + visual inspection.","Product / Engineering","Can all EHI be exported without developer assistance? Is format documentation publicly posted? Are access controls in place?","All EHI exportable; format documented publicly; access controls demonstrated.","Assurances Condition violation (§170.402); Direct Review risk; information blocking exposure.","Initial certification; ongoing Assurances obligation","Jun 30, 2020 (Cures Act); due Dec 31, 2023","Must have been certified by Dec 31, 2023 per §170.402","Required by Assurances Condition for any product storing EHI."
"CERT-B11","Certification Criterion","§170.315(b)(11)","Decision Support Interventions (DSI)","Evidence-based DSI: enable selection/activation of CDS interventions based on problem list, medications, allergies, demographics, labs, vitals. Predictive DSI: 31 source attribute fields, intervention risk management, user feedback. Replaces (a)(9) in Base EHR.","Base EHR","https://www.ecfr.gov/current/title-45/subtitle-A/subchapter-D/part-170/subpart-C/section-170.315","Inventory of all DSI; source attribute documentation (13 fields evidence-based, 31 predictive); risk management docs for Predictive DSI; user feedback export samples; UCD process documentation.","Conformance Method: documentation + visual inspection.","Product / Engineering; Clinical Informatics","Are all evidence-based DSI documented with source attributes? Are Predictive DSI risk-managed? Can users provide feedback?","All source attributes complete; risk management documented for predictive DSI; feedback mechanism functional.","Certification failure; loss of Base EHR status; AI transparency non-compliance.","Initial certification + ongoing maintenance per §170.402","Jan 1, 2025 (replaces (a)(9))","Mar 1, 2026 (extended per EDN2025.06)","Dependency: (g)(3) SED with UCD gap analysis from (a)(9) to (b)(11). Ongoing: review source attributes per §170.402 Assurances starting Jan 1, 2025."
"CERT-C1","Certification Criterion","§170.315(c)(1)","CQM — Record and Export","Record all data necessary to calculate each CQM presented for certification. Export QRDA-formatted data files.","Base EHR","https://www.ecfr.gov/current/title-45/subtitle-A/subchapter-D/part-170/subpart-C/section-170.315","Cypress test reports for all presented CQMs; QRDA export files validated by Cypress; demonstration of data recording.","Test Procedure: Cypress test tool + ONC test data.","Product / Engineering; Quality Reporting","Can the system record all CQM data elements? Do QRDA exports validate in Cypress?","Cypress tests pass for all presented CQMs; QRDA files valid.","Certification failure; loss of Base EHR status; eCQM reporting failure.","Initial certification + annual CQM measure updates","2015 (2015 Edition Final Rule)","Prior to initial certification","Base EHR criterion. Developer selects CQMs to certify."
"CERT-C2","Certification Criterion","§170.315(c)(2)","CQM — Import and Calculate","Import QRDA data from external sources; calculate CQMs accurately.","CEHRT","https://www.ecfr.gov/current/title-45/subtitle-A/subchapter-D/part-170/subpart-C/section-170.315","Cypress import/calculate test reports; evidence of accurate numerator/denominator calculation.","Test Procedure: Cypress tool with test data.","Product / Engineering; Quality Reporting","Can the system import QRDA data and calculate CQMs accurately?","Cypress import/calculate tests pass.","Loss of CEHRT status; MIPS quality reporting failure.","Initial certification + annual CQM updates","2015 (2015 Edition Final Rule)","Prior to initial certification","Required by CEHRT definition."
"CERT-C3","Certification Criterion","§170.315(c)(3)","CQM — Report","Create QRDA Category I (inpatient) and/or Category III (ambulatory) files for CMS submission.","CEHRT","https://www.ecfr.gov/current/title-45/subtitle-A/subchapter-D/part-170/subpart-C/section-170.315","Cypress QRDA validation reports; sample QRDA files.","Test Procedure: Cypress + Cypress Validation Utility.","Product / Engineering; Quality Reporting","Does the system generate valid QRDA Cat III files for ambulatory reporting?","Cypress validates QRDA output.","Loss of CEHRT status; CMS quality reporting failure.","Initial certification + annual updates","2015 (2015 Edition Final Rule)","Prior to initial certification","Required by CEHRT definition. Ambulatory: QRDA Cat III."
"CERT-C4","Certification Criterion","§170.315(c)(4)","CQM — Filter","Filter CQM results/data by patient demographics, provider, and other attributes.","Market-critical","https://www.ecfr.gov/current/title-45/subtitle-A/subchapter-D/part-170/subpart-C/section-170.315","Filtering demonstration; test procedure results.","Test Procedure.","Product / Engineering; Quality Reporting","Can CQM data be filtered by demographics, provider, and other attributes?","Filtering demonstrated for all required dimensions.","Reduced quality reporting flexibility.","Initial certification if elected","2015; HTI-1 updated code sets","Mar 1, 2026 (code set update per EDN2025.06)","Optional per CEHRT def. HTI-5 proposes removal eff. Jan 1, 2027."
"CERT-D1","Certification Criterion","§170.315(d)(1)","Authentication, Access Control, Authorization","Verify user identity; establish role-based access permissions.","Market-critical","https://www.ecfr.gov/current/title-45/subtitle-A/subchapter-D/part-170/subpart-C/section-170.315","Documentation of authentication mechanism; access control matrix; role-based access configuration evidence.","Conformance Method: attestation to ONC-ACB.","Product / Engineering; Security","Does the system satisfy Authentication, Access Control, Authorization requirements? Is documentation/attestation complete?","Authentication, Access Control, Authorization demonstrated or attested; documentation on file.","Certification dependency failure; HIPAA alignment gap; HTI-5 proposes removal but current requirement remains.","Initial certification + ongoing (dependency for other criteria)","2015 (2015 Edition Final Rule)","Prior to initial certification","Required as dependency for other certified criteria. All (d) criteria proposed for removal in HTI-5 — but still in force as of Mar 2026."
"CERT-D2","Certification Criterion","§170.315(d)(2)","Auditable Events and Tamper-Resistance","Record audit events per §170.210(e); tamper-resistant audit logs; default to audit-enabled; restrict disable ability.","Market-critical","https://www.ecfr.gov/current/title-45/subtitle-A/subchapter-D/part-170/subpart-C/section-170.315","Audit log samples; tamper-resistance mechanism documentation; default-enabled evidence; restricted disable controls.","Conformance Method: documentation + visual inspection.","Product / Engineering; Security","Does the system satisfy Auditable Events and Tamper-Resistance requirements? Is documentation/attestation complete?","Auditable Events and Tamper-Resistance demonstrated or attested; documentation on file.","Certification dependency failure; HIPAA alignment gap; HTI-5 proposes removal but current requirement remains.","Initial certification + ongoing (dependency for other criteria)","2015 (2015 Edition Final Rule)","Prior to initial certification","Required as dependency for other certified criteria. All (d) criteria proposed for removal in HTI-5 — but still in force as of Mar 2026."
"CERT-D3","Certification Criterion","§170.315(d)(3)","Audit Report(s)","Create audit reports for specific time periods; sort entries by data elements in §170.210(e).","Market-critical","https://www.ecfr.gov/current/title-45/subtitle-A/subchapter-D/part-170/subpart-C/section-170.315","Sample audit reports; sorting/filtering demonstration.","Conformance Method.","Product / Engineering; Security","Does the system satisfy Audit Report(s) requirements? Is documentation/attestation complete?","Audit Report(s) demonstrated or attested; documentation on file.","Certification dependency failure; HIPAA alignment gap; HTI-5 proposes removal but current requirement remains.","Initial certification + ongoing (dependency for other criteria)","2015 (2015 Edition Final Rule)","Prior to initial certification","Required as dependency for other certified criteria. All (d) criteria proposed for removal in HTI-5 — but still in force as of Mar 2026."
"CERT-D4","Certification Criterion","§170.315(d)(4)","Amendments","Enable patient to request amendment to EHI; mark amended data; provide amendment audit trail.","Market-critical","https://www.ecfr.gov/current/title-45/subtitle-A/subchapter-D/part-170/subpart-C/section-170.315","Amendment workflow demonstration; audit trail evidence.","Conformance Method.","Product / Engineering; Security","Does the system satisfy Amendments requirements? Is documentation/attestation complete?","Amendments demonstrated or attested; documentation on file.","Certification dependency failure; HIPAA alignment gap; HTI-5 proposes removal but current requirement remains.","Initial certification + ongoing (dependency for other criteria)","2015 (2015 Edition Final Rule)","Prior to initial certification","Required as dependency for other certified criteria. All (d) criteria proposed for removal in HTI-5 — but still in force as of Mar 2026."
"CERT-D5","Certification Criterion","§170.315(d)(5)","Automatic Access Time-Out","Automatically stop user session after configurable inactivity period; require re-authentication.","Market-critical","https://www.ecfr.gov/current/title-45/subtitle-A/subchapter-D/part-170/subpart-C/section-170.315","Timeout configuration evidence; re-authentication demonstration.","Conformance Method: attestation.","Product / Engineering; Security","Does the system satisfy Automatic Access Time-Out requirements? Is documentation/attestation complete?","Automatic Access Time-Out demonstrated or attested; documentation on file.","Certification dependency failure; HIPAA alignment gap; HTI-5 proposes removal but current requirement remains.","Initial certification + ongoing (dependency for other criteria)","2015 (2015 Edition Final Rule)","Prior to initial certification","Required as dependency for other certified criteria. All (d) criteria proposed for removal in HTI-5 — but still in force as of Mar 2026."
"CERT-D6","Certification Criterion","§170.315(d)(6)","Emergency Access","Permit identified set of users to access EHI during an emergency (break-the-glass).","Market-critical","https://www.ecfr.gov/current/title-45/subtitle-A/subchapter-D/part-170/subpart-C/section-170.315","Emergency access workflow demonstration; authorization configuration.","Conformance Method: attestation.","Product / Engineering; Security","Does the system satisfy Emergency Access requirements? Is documentation/attestation complete?","Emergency Access demonstrated or attested; documentation on file.","Certification dependency failure; HIPAA alignment gap; HTI-5 proposes removal but current requirement remains.","Initial certification + ongoing (dependency for other criteria)","2015 (2015 Edition Final Rule)","Prior to initial certification","Required as dependency for other certified criteria. All (d) criteria proposed for removal in HTI-5 — but still in force as of Mar 2026."
"CERT-D7","Certification Criterion","§170.315(d)(7)","End-User Device Encryption","Encrypt EHI stored on end-user devices, OR demonstrate no EHI stored locally.","Market-critical","https://www.ecfr.gov/current/title-45/subtitle-A/subchapter-D/part-170/subpart-C/section-170.315","Encryption evidence or documentation that no local EHI storage occurs.","Conformance Method: attestation.","Product / Engineering; Security","Does the system satisfy End-User Device Encryption requirements? Is documentation/attestation complete?","End-User Device Encryption demonstrated or attested; documentation on file.","Certification dependency failure; HIPAA alignment gap; HTI-5 proposes removal but current requirement remains.","Initial certification + ongoing (dependency for other criteria)","2015 (2015 Edition Final Rule)","Prior to initial certification","Required as dependency for other certified criteria. All (d) criteria proposed for removal in HTI-5 — but still in force as of Mar 2026."
"CERT-D8","Certification Criterion","§170.315(d)(8)","Integrity","Verify EHI has not been altered in transit using hashing or digital signature.","Market-critical","https://www.ecfr.gov/current/title-45/subtitle-A/subchapter-D/part-170/subpart-C/section-170.315","Hash/digital signature implementation evidence.","Conformance Method.","Product / Engineering; Security","Does the system satisfy Integrity requirements? Is documentation/attestation complete?","Integrity demonstrated or attested; documentation on file.","Certification dependency failure; HIPAA alignment gap; HTI-5 proposes removal but current requirement remains.","Initial certification + ongoing (dependency for other criteria)","2015 (2015 Edition Final Rule)","Prior to initial certification","Required as dependency for other certified criteria. All (d) criteria proposed for removal in HTI-5 — but still in force as of Mar 2026."
"CERT-D9","Certification Criterion","§170.315(d)(9)","Trusted Connection","Establish trusted connections using TLS or equivalent for EHI exchange.","Market-critical","https://www.ecfr.gov/current/title-45/subtitle-A/subchapter-D/part-170/subpart-C/section-170.315","TLS configuration evidence; certificate management documentation.","Conformance Method.","Product / Engineering; Security","Does the system satisfy Trusted Connection requirements? Is documentation/attestation complete?","Trusted Connection demonstrated or attested; documentation on file.","Certification dependency failure; HIPAA alignment gap; HTI-5 proposes removal but current requirement remains.","Initial certification + ongoing (dependency for other criteria)","2015 (2015 Edition Final Rule)","Prior to initial certification","Required as dependency for other certified criteria. All (d) criteria proposed for removal in HTI-5 — but still in force as of Mar 2026."
"CERT-D10","Certification Criterion","§170.315(d)(10)","Auditing Actions on Health Information","Record actions on health information; audit log entries immutable; detect alteration.","Market-critical","https://www.ecfr.gov/current/title-45/subtitle-A/subchapter-D/part-170/subpart-C/section-170.315","Action audit log samples; immutability/tamper-detection evidence.","Conformance Method.","Product / Engineering; Security","Does the system satisfy Auditing Actions on Health Information requirements? Is documentation/attestation complete?","Auditing Actions on Health Information demonstrated or attested; documentation on file.","Certification dependency failure; HIPAA alignment gap; HTI-5 proposes removal but current requirement remains.","Initial certification + ongoing (dependency for other criteria)","2015 (2015 Edition Final Rule)","Prior to initial certification","Required as dependency for other certified criteria. All (d) criteria proposed for removal in HTI-5 — but still in force as of Mar 2026."
"CERT-D11","Certification Criterion","§170.315(d)(11)","Accounting of Disclosures","Record disclosures made for treatment, payment, and health care operations per §170.210(d).","Market-critical","https://www.ecfr.gov/current/title-45/subtitle-A/subchapter-D/part-170/subpart-C/section-170.315","Disclosure log samples; TPO disclosure tracking evidence.","Conformance Method.","Product / Engineering; Security","Does the system satisfy Accounting of Disclosures requirements? Is documentation/attestation complete?","Accounting of Disclosures demonstrated or attested; documentation on file.","Certification dependency failure; HIPAA alignment gap; HTI-5 proposes removal but current requirement remains.","Initial certification + ongoing (dependency for other criteria)","2015 (2015 Edition Final Rule)","Prior to initial certification","Required as dependency for other certified criteria. All (d) criteria proposed for removal in HTI-5 — but still in force as of Mar 2026."
"CERT-D12","Certification Criterion","§170.315(d)(12)","Encrypt Authentication Credentials","Encrypt authentication credentials stored locally or transmitted.","Market-critical","https://www.ecfr.gov/current/title-45/subtitle-A/subchapter-D/part-170/subpart-C/section-170.315","Written attestation; credential encryption implementation evidence.","Conformance Method: attestation.","Product / Engineering; Security","Does the system satisfy Encrypt Authentication Credentials requirements? Is documentation/attestation complete?","Encrypt Authentication Credentials demonstrated or attested; documentation on file.","Certification dependency failure; HIPAA alignment gap; HTI-5 proposes removal but current requirement remains.","Initial certification + ongoing (dependency for other criteria)","2015 (2015 Edition Final Rule)","Prior to initial certification","Required as dependency for other certified criteria. All (d) criteria proposed for removal in HTI-5 — but still in force as of Mar 2026."
"CERT-D13","Certification Criterion","§170.315(d)(13)","Multi-Factor Authentication","Attest whether MFA is supported with industry-recognized standards. Describe supported use cases or explain roadmap.","Market-critical","https://www.ecfr.gov/current/title-45/subtitle-A/subchapter-D/part-170/subpart-C/section-170.315","Written attestation with use case descriptions; MFA implementation documentation or roadmap.","Attestation only.","Product / Engineering; Security","Does the system satisfy Multi-Factor Authentication requirements? Is documentation/attestation complete?","Multi-Factor Authentication demonstrated or attested; documentation on file.","Certification dependency failure; HIPAA alignment gap; HTI-5 proposes removal but current requirement remains.","Initial certification + ongoing (dependency for other criteria)","2015 (2015 Edition Final Rule)","Prior to initial certification","Required as dependency for other certified criteria. All (d) criteria proposed for removal in HTI-5 — but still in force as of Mar 2026."
"CERT-E1","Certification Criterion","§170.315(e)(1)","View, Download, Transmit to 3rd Party","Patients must view health information online, download in human-readable and C-CDA format, and transmit to a third party. Must include USCDI data elements.","CEHRT","https://www.ecfr.gov/current/title-45/subtitle-A/subchapter-D/part-170/subpart-C/section-170.315","Patient portal demonstration; C-CDA download validated by SITE; Direct message transmission evidence; USCDI data element coverage.","Test Procedure: test tools (SITE C-CDA Validators, ETT) + visual inspection.","Product / Engineering","Can patients view, download (C-CDA), and transmit their health information? Does the portal support all USCDI elements?","Portal demonstrated; C-CDA validated; Direct transport functional; USCDI v3 coverage confirmed.","PI Patient Exchange measure unsupported; certification failure.","Initial certification + USCDI v3/C-CDA R4.1 update","2015; updated by HTI-1","Mar 1, 2026 (USCDI v3 + C-CDA R4.1 per EDN2025.06)","Required for PI 'Provide Patients Electronic Access' measure."
"CERT-E3","Certification Criterion","§170.315(e)(3)","Patient Health Information Capture","Enable a patient or authorized representative to transmit health information to the EHR using structured standards.","CEHRT","https://www.ecfr.gov/current/title-45/subtitle-A/subchapter-D/part-170/subpart-C/section-170.315","Patient health information submission demonstration; structured data receipt evidence.","Conformance Method.","Product / Engineering","Can patients submit structured health information that integrates into the EHR?","Patient-submitted data received and incorporated.","Loss of CEHRT status; HTI-5 proposes removal eff. Jan 1, 2027.","Initial certification","2015 (2015 Edition Final Rule)","Prior to initial certification","Required by CEHRT definition."
"CERT-F1","Certification Criterion","§170.315(f)(1)","Transmission to Immunization Registries","Generate HL7 v2.5.1 VXU immunization messages; consume ACK; generate QBP queries; receive/display RSP responses. CVX and NDC vaccine codes.","CEHRT","https://www.ecfr.gov/current/title-45/subtitle-A/subchapter-D/part-170/subpart-C/section-170.315","NIST Immunization Test Suite validation reports; VXU/QBP/RSP message samples; CVX/NDC code mapping evidence.","Test Procedure: NIST HL7 v2 Immunization Test Suite + ONC test data + visual inspection.","Product / Engineering; Interoperability","Can the system generate valid immunization messages and process registry responses? Are CVX codes correct?","NIST test suite passes all test cases; immunization history display demonstrated.","PI Immunization Registry measure unsupported; certification failure.","Initial certification + code set updates","2015; HTI-1 updated code sets","Mar 1, 2026 (code set update per EDN2025.06)","Required PI measure."
"CERT-F2","Certification Criterion","§170.315(f)(2)","Syndromic Surveillance","Generate and transmit HL7 v2.5.1 ADT messages to public health agencies for syndromic surveillance.","Optional","https://www.ecfr.gov/current/title-45/subtitle-A/subchapter-D/part-170/subpart-C/section-170.315","Public Health Testing Suite validation; HL7 v2 ADT message samples.","Test Procedure: Public Health Testing Suites on SITE.","Product / Engineering; Interoperability","Can the system generate and transmit valid syndromic surveillance messages?","Test suite passes; messages conformant to PHIN Messaging Guide.","Loss of PI bonus measure opportunity.","Initial certification if elected","2015 (2015 Edition Final Rule)","If certified, ongoing compliance required","PI bonus measure (5 points)."
"CERT-F3","Certification Criterion","§170.315(f)(3)","Reportable Laboratory Tests and Values/Results","Generate and transmit ELR to public health agencies using HL7 v2.5.1.","Optional","https://www.ecfr.gov/current/title-45/subtitle-A/subchapter-D/part-170/subpart-C/section-170.315","ELR message validation; LOINC/SNOMED CT coding evidence.","Test Procedure: test tools.","Product / Engineering; Interoperability","Can the system generate valid ELR messages with correct coding?","ELR test suite passes; coding validated.","Niche: relevant to lab-intensive settings only.","Initial certification if elected","2015; HTI-1 updated code sets","Mar 1, 2026 (code set update)","Niche criterion."
"CERT-F4","Certification Criterion","§170.315(f)(4)","Transmission to Cancer Registries","Generate and transmit cancer case information to cancer registries using HL7 CDA.","Optional","https://www.ecfr.gov/current/title-45/subtitle-A/subchapter-D/part-170/subpart-C/section-170.315","Cancer registry CDA validation; test tool output.","Test Procedure: test tools.","Product / Engineering","Can the system transmit cancer case data in valid CDA format?","CDA validation passes.","Niche: oncology practices only. HTI-5 proposes removal eff. Jan 1, 2027.","Initial certification if elected","2015 (2015 Edition Final Rule)","If certified, ongoing compliance required","Specialty-specific."
"CERT-F5","Certification Criterion","§170.315(f)(5)","Electronic Case Reporting (eCR)","Generate and transmit eICRs; receive reportability responses using HL7 CDA eCR standards and RCTC trigger codes.","CEHRT","https://www.ecfr.gov/current/title-45/subtitle-A/subchapter-D/part-170/subpart-C/section-170.315","eCR workflow demonstration; eICR document samples; RCTC trigger code integration evidence.","Conformance Method.","Product / Engineering; Interoperability","Can the system generate eICRs and receive reportability responses? Are RCTC trigger codes integrated?","eCR workflow demonstrated; eICR documents conformant.","PI eCR measure unsupported; certification failure.","Initial certification + standards update","2015; updated by HTI-1","Dec 31, 2026 (enforcement discretion per EDN2025.04 for standards compliance)","Required PI measure. Enforcement discretion relaxes standards requirements through Dec 31, 2026."
"CERT-F6","Certification Criterion","§170.315(f)(6)","Antimicrobial Use and Resistance Reporting","AU/AR reporting to NHSN.","Optional","https://www.ecfr.gov/current/title-45/subtitle-A/subchapter-D/part-170/subpart-C/section-170.315","Test procedure results; message validation.","Test Procedure.","Product / Engineering","Can the system transmit AU/AR data?","Test procedure passes.","Niche: primarily inpatient. HTI-5 proposes revision.","Initial certification if elected","2015 (2015 Edition Final Rule)","If certified, ongoing compliance required","Primarily inpatient."
"CERT-F7","Certification Criterion","§170.315(f)(7)","Healthcare Surveys","Survey data transmission to NHSN.","Optional","https://www.ecfr.gov/current/title-45/subtitle-A/subchapter-D/part-170/subpart-C/section-170.315","Test procedure results.","Test Procedure.","Product / Engineering","Can the system transmit healthcare survey data?","Test procedure passes.","Niche: primarily inpatient. HTI-5 proposes removal eff. Jan 1, 2027.","Initial certification if elected","2015 (2015 Edition Final Rule)","If certified, ongoing compliance required","Primarily inpatient."
"CERT-G1","Certification Criterion","§170.315(g)(1)","Automated Numerator Recording","Automatically record numerator data for CMS Promoting Interoperability measures.","CEHRT","https://www.ecfr.gov/current/title-45/subtitle-A/subchapter-D/part-170/subpart-C/section-170.315","Test procedure results; PI measure numerator recording evidence.","Test Procedure.","Product / Engineering","Does the system automatically record PI measure numerators?","Test procedure passes for all applicable measures.","Loss of CEHRT status; PI percentage measures unsupported. HTI-5 proposes removal eff. Jan 1, 2027.","Initial certification","2015 (2015 Edition Final Rule)","Prior to initial certification","Required by CEHRT definition (alternative to (g)(2))."
"CERT-G2","Certification Criterion","§170.315(g)(2)","Automated Measure Calculation","Automatically calculate PI program measures (numerator/denominator).","CEHRT","https://www.ecfr.gov/current/title-45/subtitle-A/subchapter-D/part-170/subpart-C/section-170.315","Test procedure results; calculation verification evidence.","Test Procedure.","Product / Engineering","Does the system automatically calculate PI measure percentages?","Test procedure passes; calculations verified.","Loss of CEHRT status. HTI-5 proposes removal eff. Jan 1, 2027.","Initial certification","2015 (2015 Edition Final Rule)","Prior to initial certification","Required by CEHRT definition (alternative to (g)(1))."
"CERT-G3","Certification Criterion","§170.315(g)(3)","Safety-Enhanced Design (SED)","Apply user-centered design processes; conduct summative usability testing; document per NISTIR 7742. Applies to (a)(1)-(a)(5), (a)(14), (b)(2), (b)(3), (b)(11).","Market-critical","https://www.ecfr.gov/current/title-45/subtitle-A/subchapter-D/part-170/subpart-C/section-170.315","UCD process documentation; summative usability test report (NISTIR 7742); task completion rates, error rates, satisfaction scores; quarterly UI change notifications to ONC-ACB.","Test Procedure: documentation review.","Product / Engineering; UX Research","Has UCD been applied to all applicable criteria? Is the usability report per NISTIR 7742? Are quarterly UI change notifications current?","NISTIR 7742 report complete; UCD processes documented; ONC-ACB notified of UI changes.","Certification failure for dependent criteria; public usability data gap.","Initial certification + quarterly UI change notifications","2015 (2015 Edition Final Rule)","Prior to initial certification; ongoing quarterly notifications","Required dependency for testing (a)(1)–(5), (a)(14), (b)(2), (b)(3), (b)(11). HTI-5 proposes removal."
"CERT-G4","Certification Criterion","§170.315(g)(4)","Quality Management System (QMS)","Use a QMS for each certified capability. Identify QMS standard used (ISO 9001, ISO 13485, or equivalent).","Market-critical","https://www.ecfr.gov/current/title-45/subtitle-A/subchapter-D/part-170/subpart-C/section-170.315","QMS documentation; identification of QMS standard(s); development/testing/release process descriptions.","Attestation + documentation review.","Quality Assurance; Engineering","Is a QMS in place and documented for all certified capabilities? Which standard is used?","QMS documentation on file; standard identified; processes described.","Certification failure. HTI-5 proposes removal.","Initial certification + ongoing maintenance","2015 (2015 Edition Final Rule)","Prior to initial certification","Required for all certification testing."
"CERT-G5","Certification Criterion","§170.315(g)(5)","Accessibility-Centered Design","Demonstrate accessibility was considered in design. Identify applicable standard (Section 508, WCAG 2.0).","Market-critical","https://www.ecfr.gov/current/title-45/subtitle-A/subchapter-D/part-170/subpart-C/section-170.315","Accessibility standard identification; design documentation showing accessibility considerations.","Attestation + documentation.","Product / Engineering; UX","Has accessibility been considered? Which standard is referenced?","Accessibility standard identified; design documentation on file.","Certification failure. HTI-5 proposes removal.","Initial certification + ongoing maintenance","2015 (2015 Edition Final Rule)","Prior to initial certification","Required for all certification testing."
"CERT-G6","Certification Criterion","§170.315(g)(6)","Consolidated CDA Creation Performance","Create C-CDA documents conformant to referenced standard for all criteria requiring C-CDA generation.","Market-critical","https://www.ecfr.gov/current/title-45/subtitle-A/subchapter-D/part-170/subpart-C/section-170.315","SITE C-CDA validator reports; C-CDA document samples.","Test Procedure: SITE C-CDA validators.","Product / Engineering","Are all generated C-CDA documents conformant to C-CDA R4.1?","SITE validator reports error-free for all C-CDA outputs.","Dependency failure for (b)(1), (e)(1), other C-CDA criteria. HTI-5 proposes removal.","Initial certification + C-CDA R4.1 update","2015; updated by HTI-1 (C-CDA R4.1)","Mar 1, 2026 (C-CDA R4.1 per EDN2025.06)","Dependency for all C-CDA-producing criteria."
"CERT-G7","Certification Criterion","§170.315(g)(7)","Application Access — Patient Selection","API-enabled patient selection capability.","Base EHR","https://www.ecfr.gov/current/title-45/subtitle-A/subchapter-D/part-170/subpart-C/section-170.315","API documentation; patient selection API demonstration.","Conformance Method.","Product / Engineering; API Team","Does the API support patient selection? Is it documented and available?","Patient selection API functional and documented.","Certification failure; loss of Base EHR status. HTI-5 proposes removal eff. Jan 1, 2027.","Initial certification; RWT annually","2015 (Cures Act Final Rule)","Prior to initial certification","Base EHR criterion. API Condition (§170.404) applies. Subject to RWT."
"CERT-G9","Certification Criterion","§170.315(g)(9)","Application Access — All Data Request","API-enabled access to all patient data (C-CDA format).","Base EHR","https://www.ecfr.gov/current/title-45/subtitle-A/subchapter-D/part-170/subpart-C/section-170.315","API documentation; all-data request demonstration; C-CDA output validated.","Test Procedure.","Product / Engineering; API Team","Does the API return all patient data? Is output valid C-CDA with USCDI v3?","API returns all data; C-CDA validated.","Certification failure; loss of Base EHR status. HTI-5 proposes removal eff. Jan 1, 2027.","Initial certification + USCDI v3/C-CDA R4.1 update; RWT annually","2015; updated by HTI-1","Mar 1, 2026 (USCDI v3 + C-CDA R4.1 per EDN2025.06)","Base EHR criterion. API Condition applies. Subject to RWT."
"CERT-G10","Certification Criterion","§170.315(g)(10)","Standardized API for Patient and Population Services (FHIR)","FHIR R4 API: single-patient data, Bulk Data, app registration, SMART on FHIR auth (v2.0.0), granular scopes, token revocation within 1 hour, documentation, service base URL publication. Must support all USCDI data elements via US Core 6.1.0 profiles.","Base EHR","https://www.ecfr.gov/current/title-45/subtitle-A/subchapter-D/part-170/subpart-C/section-170.315","Inferno (g)(10) Test Kit full pass report; FHIR CapabilityStatement; US Core profile conformance; SMART authorization evidence; Bulk Data export samples; documentation URL; sub-resource scope support evidence.","Test Procedure: Inferno ONC (g)(10) Test Kit v8.0.0 + visual inspection + documentation.","Product / Engineering; API Team","Does Inferno pass completely? Is SMART v2.0.0 supported? Are all US Core 6.1.0 profiles conformant? Is token revocation within 1 hour?","Inferno full pass (all tests green); SMART 2.0 functional; US Core 6.1.0 profiles valid; 1-hour token revocation verified.","Certification failure; loss of Base EHR status; API Condition violation; patient access failure.","Initial certification + US Core 6.1.0/SMART 2.0 update; RWT annually; Insights reporting","Jun 30, 2020 (Cures); US Core 6.1.0/SMART 2.0 by Mar 1, 2026","Mar 1, 2026 (US Core 6.1.0 + SMART 2.0 per EDN2025.06); Inferno v8.0.0 removes legacy IGs","Anchor criterion for patient/population access. API Condition (§170.404) applies. Subject to RWT. Insights Condition FHIR app metric."
"CERT-G31","Certification Criterion","§170.315(g)(31)","Coverage Requirements Discovery (CRD)","CRD Client using CDS Hooks; Da Vinci CRD IG. Check PA requirements from payers.","Market-critical","https://www.ecfr.gov/current/title-45/subtitle-A/subchapter-D/part-170/subpart-C/section-170.315","FHIR-based CRD workflow demonstration; Da Vinci IG conformance evidence.","Test Procedure.","Product / Engineering; API Team","Does the CRD client correctly invoke CDS Hooks and process payer responses?","CRD workflow demonstrated; IG conformance verified.","Competitive gap in prior authorization automation.","Initial certification","Oct 1, 2025 (HTI-4)","Upon certification; API Condition applies","New in HTI-4. API Condition (§170.404) applies."
"CERT-G32","Certification Criterion","§170.315(g)(32)","Documentation Templates and Rules (DTR)","DTR EHR Client; Da Vinci DTR IG. Retrieve and complete payer documentation templates.","Market-critical","https://www.ecfr.gov/current/title-45/subtitle-A/subchapter-D/part-170/subpart-C/section-170.315","DTR workflow demonstration; Da Vinci IG conformance evidence.","Test Procedure.","Product / Engineering; API Team","Can the system retrieve and complete payer documentation templates via FHIR?","DTR workflow demonstrated; IG conformance verified.","Competitive gap in prior authorization automation.","Initial certification","Oct 1, 2025 (HTI-4)","Upon certification; API Condition applies","New in HTI-4. API Condition applies."
"CERT-G33","Certification Criterion","§170.315(g)(33)","Prior Authorization Support (PAS)","PA submission using FHIR Subscriptions; Da Vinci PAS IG. Submit and track prior authorization requests.","Market-critical","https://www.ecfr.gov/current/title-45/subtitle-A/subchapter-D/part-170/subpart-C/section-170.315","PA workflow demonstration; Da Vinci PAS IG conformance evidence.","Test Procedure.","Product / Engineering; API Team","Can the system submit and track PA requests via FHIR?","PA workflow demonstrated; IG conformance verified.","Competitive gap in prior authorization automation.","Initial certification","Oct 1, 2025 (HTI-4)","Upon certification; API Condition applies","New in HTI-4. API Condition applies."
"CERT-H1","Certification Criterion","§170.315(h)(1)","Direct Project","Send and receive health information using Direct Project messaging (encrypted, signed S/MIME over SMTP).","Base EHR","https://www.ecfr.gov/current/title-45/subtitle-A/subchapter-D/part-170/subpart-C/section-170.315","ETT test results; Direct message exchange logs.","Test Procedure: Edge Testing Tool (ETT) on SITE.","Product / Engineering; Interoperability","Can the system send and receive Direct messages? Does ETT testing pass?","ETT tests pass; Direct messaging functional.","Certification failure; loss of Base EHR status. HTI-5 proposes removal.","Initial certification; RWT annually","2015 (2015 Edition Final Rule)","Prior to initial certification","Base EHR (either (h)(1) or (h)(2)). Subject to RWT."
"CERT-H2","Certification Criterion","§170.315(h)(2)","Direct Project, Edge Protocol, and XDR/XDM","Direct messaging plus Edge protocols (SMTP, XDR) and XDM processing. Delivery notification. Error handling for invalid test cases.","Optional","https://www.ecfr.gov/current/title-45/subtitle-A/subchapter-D/part-170/subpart-C/section-170.315","ETT test results; XDR/XDM processing evidence; delivery notification evidence; error handling evidence.","Test Procedure: ETT + SITE payloads.","Product / Engineering; Interoperability","Does the system support Edge protocols and XDR/XDM? Is delivery notification implemented?","ETT passes; XDR/XDM demonstrated; delivery notifications functional.","Transport interoperability limitation. HTI-5 proposes removal.","Initial certification if elected; RWT annually if certified","2015 (2015 Edition Final Rule)","If certified, ongoing compliance required","Alternative to (h)(1) for Base EHR."
"CERT-J20","Certification Criterion","§170.315(j)(20)","Workflow Triggers for DSI — Clients","Client-side support for CDS Hooks workflow triggers for decision support interventions in PA workflows.","Market-critical","https://www.ecfr.gov/current/title-45/subtitle-A/subchapter-D/part-170/subpart-C/section-170.315","CDS Hooks client demonstration; test procedure results.","Test Procedure.","Product / Engineering","Does the client correctly invoke CDS Hooks for PA workflow triggers?","Test procedure passes; CDS Hooks client functional.","Gap in PA automation capability.","Initial certification if elected","Oct 1, 2025 (HTI-4)","Upon certification","New in HTI-4. Co-certified with (g)(31)."
"CERT-J21","Certification Criterion","§170.315(j)(21)","Workflow Triggers for DSI — Services","Service-side support for FHIR Subscriptions for DSI.","Optional","https://www.ecfr.gov/current/title-45/subtitle-A/subchapter-D/part-170/subpart-C/section-170.315","FHIR Subscriptions service demonstration; test procedure results.","Test Procedure.","Product / Engineering","Does the service correctly support FHIR Subscriptions for DSI?","Test procedure passes.","Niche: PA service providers only.","Initial certification if elected","Oct 1, 2025 (HTI-4)","Upon certification","New in HTI-4."
"COC-IB-01","Condition of Certification","§170.401","Information Blocking — Prohibition","A certified health IT developer must not take any action that constitutes information blocking as defined in 45 CFR 171.103. Applies to ALL health IT and business practices — not just certified modules. 'Knows or should know' standard applies.","Ongoing","https://www.ecfr.gov/current/title-45/subtitle-A/subchapter-D/part-170/subpart-D","Policy documentation; training records; exception analysis per 45 CFR Part 171; attestation records; internal review documentation.","Ongoing compliance monitoring; semiannual attestation via §170.406.","Legal / Compliance; Product","Has the developer documented all practices that could interfere with EHI access/exchange/use? Is each mapped to an applicable exception?","All potentially blocking practices identified and documented; each mapped to valid exception with contemporaneous documentation.","OIG CMPs up to $1M per violation; certification suspension/termination; developer ban; OIG referrals to DOJ/FTC/CMS.","Ongoing (continuous); semiannual attestation","Apr 5, 2021","Ongoing — enforcement active since Sep 1, 2023 for developers","ASTP issuing investigation notices as of Mar 2026. Eight exceptions: Preventing Harm, Privacy, Security, Infeasibility, Health IT Performance, Content and Manner, Fees, Licensing."
"COC-IB-02","Condition of Certification","§170.401 / 45 CFR Part 171","Information Blocking — Fee Structure Review","Review fee structures, contractual terms, and technical restrictions against the Fees, Licensing, and Content and Manner exceptions under 45 CFR Part 171.","Ongoing","https://www.ecfr.gov/current/title-45/subtitle-A/subchapter-D/part-171","Fee schedule documentation; contractual term audit results; exception analysis documentation.","Internal legal/compliance review.","Legal / Compliance; Finance","Have all API fees and contractual restrictions been reviewed against IB exceptions? Are fee structures documented per the Fees exception requirements?","Fee structures conform to permitted categories; no contractual terms constitute information blocking.","OIG enforcement; $1M per violation; reputational damage.","Annual review + event-driven (new contracts/fee changes)","Apr 5, 2021","Ongoing","Review at each contract renewal or fee change."
"COC-IB-03","Condition of Certification","§170.401","Information Blocking — Complaint Response Process","Establish a process for responding to information blocking claims filed through the ASTP/ONC portal.","Ongoing","https://healthit.gov/information-blocking/","Written response process documentation; designated responsible party; response timeline tracking.","Process documentation review.","Legal / Compliance","Is there a documented process for responding to IB complaints? Who is the designated responder?","Process documented; responsible party designated; response timelines defined.","Delayed or inadequate response to OIG/ASTP inquiries; escalated enforcement.","Ongoing (process in place); triggered by complaints","Apr 5, 2021","Ongoing",""
"COC-ASSUR-01","Condition of Certification","§170.402","Assurances — No Information Blocking / Unrestricted Implementation","Provide assurances that the developer will not take actions constituting information blocking or inhibiting EHI exchange. Ensure full, unrestricted implementation of certified capabilities. Not interfere with user access to certified capabilities.","Ongoing","https://www.ecfr.gov/current/title-45/subtitle-A/subchapter-D/part-170/subpart-D","Contractual review documentation; customer deployment records; support ticket analysis for access restrictions.","Ongoing compliance monitoring; semiannual attestation.","Legal / Compliance; Customer Success","Are customers able to fully use all certified capabilities without contractual or technical restrictions?","No contractual/technical barriers to certified capabilities; customer access unrestricted.","Direct Review; certification suspension; customer loss of CEHRT eligibility.","Ongoing; semiannual attestation","Jun 30, 2020 (Cures Act Final Rule)","Ongoing",""
"COC-ASSUR-02","Maintenance of Certification","§170.402(b)(1)","Assurances — 10-Year Record Retention","Retain all records demonstrating initial and ongoing compliance with Conditions for 10 years from the date of certification.","Ongoing","https://www.ecfr.gov/current/title-45/subtitle-A/subchapter-D/part-170/subpart-D","Records retention policy; retention schedule; evidence of policy implementation.","Policy documentation review.","Legal / Compliance; IT Operations","Is there a 10-year retention policy tied to certification dates? Are records actually being retained?","Retention policy documented and implemented; records accessible for full 10-year period.","Inability to demonstrate compliance during Direct Review; adverse inference.","Ongoing (policy in place; records maintained continuously)","Jun 30, 2020 (Cures Act Final Rule)","Ongoing — 10 years from each certification date",""
"COC-ASSUR-03","Maintenance of Certification","§170.402(b)(2)","Assurances — EHI Export Deployment","Certify to §170.315(b)(10) EHI Export and deploy to customers for any product that electronically stores EHI.","Ongoing","https://www.ecfr.gov/current/title-45/subtitle-A/subchapter-D/part-170/subpart-D","Certification evidence for (b)(10); customer deployment records; format documentation URL.","Certification + deployment verification.","Product / Engineering; Customer Success","Is (b)(10) certified and deployed to all customers? Is format documentation publicly posted?","(b)(10) certified; deployed to all customers; format documentation public.","Assurances Condition violation; Direct Review; information blocking exposure.","Ongoing — must be certified and deployed","Dec 31, 2023 (deadline for (b)(10) certification)","Ongoing",""
"COC-ASSUR-04","Maintenance of Certification","§170.402(b)(3)-(4)","Assurances — Update Obligation","Update certified Health IT Modules to all applicable revised certification criteria (most recently adopted capabilities and standards). Provide updated modules to customers in a timely manner.","Ongoing","https://www.ecfr.gov/current/title-45/subtitle-A/subchapter-D/part-170/subpart-D","Release pipeline documentation; customer update deployment records; HTI-1 compliance evidence.","Release management review; customer notification records.","Product / Engineering; Customer Success","Are all modules updated to current criteria? Have updates been deployed to customers?","All modules updated per current timelines; customers notified and updated.","Certification non-conformity; Direct Review; customer CEHRT eligibility loss.","Ongoing; triggered by new rule compliance dates","Jun 30, 2020 (Cures Act Final Rule)","HTI-1 updates by Mar 1, 2026 (extended); HTI-4 updates by Jan 1, 2028","Track all compliance deadlines from new rulemaking."
"COC-ASSUR-05","Maintenance of Certification","§170.402 / §170.315(b)(11)","Assurances — DSI Source Attribute Review","Starting January 1, 2025 and ongoing, review and update source attribute information, intervention risk management practices, and summary information for modules certified to (b)(11).","Ongoing","https://www.ecfr.gov/current/title-45/subtitle-A/subchapter-D/part-170/subpart-D","Source attribute review documentation; update records; risk management review logs.","Periodic documentation review.","Product / Engineering; Clinical Informatics","Are source attributes reviewed and current? Are risk management practices updated?","Source attributes current; risk management documentation reflects current state.","Assurances Condition violation; AI transparency non-compliance.","Ongoing (at least annually)","Jan 1, 2025","Ongoing","Applies only if certified to (b)(11)."
"COC-COMM-01","Condition of Certification","§170.403","Communications — No Gag Clauses","Developer must not prohibit or restrict communications about usability, interoperability, security, user experiences, business practices, or manner of use of certified health IT.","Ongoing","https://www.ecfr.gov/current/title-45/subtitle-A/subchapter-D/part-170/subpart-D","Customer contract audit results; template contract review; evidence that no restrictive provisions exist.","Contract audit; semiannual attestation.","Legal / Compliance","Do any customer contracts contain gag clauses? Have all legacy provisions been identified?","No gag clauses in any current contracts; legacy provisions identified and scheduled for removal.","Direct Review; certification suspension; reputational damage.","Ongoing; annual customer notification until legacy provisions removed","Jun 30, 2020 (Cures Act Final Rule)","Ongoing",""
"COC-COMM-02","Maintenance of Certification","§170.403","Communications — Annual Customer Notification","Starting CY 2021, annually notify all customers that contravening communication provisions will not be enforced, until the developer amends the contract to remove them.","Ongoing","https://www.ecfr.gov/current/title-45/subtitle-A/subchapter-D/part-170/subpart-D","Annual notification records (dates, recipients, content); delivery confirmation.","Records review.","Legal / Compliance; Customer Success","Has the annual notification been sent to all customers? Are delivery records maintained?","Notifications sent annually; delivery records on file.","Maintenance of Certification violation; Direct Review risk.","Annual (each CY)","CY 2021","Annually until all legacy provisions removed from all contracts","Not needed if no legacy gag clauses exist."
"COC-COMM-03","Maintenance of Certification","§170.403","Communications — Contract Amendment","Must not establish, renew, or enforce any contravening contract provision as of June 30, 2020. Must amend legacy provisions at next contract modification or renewal.","Ongoing","https://www.ecfr.gov/current/title-45/subtitle-A/subchapter-D/part-170/subpart-D","Contract amendment tracking log; evidence of legacy provision removal.","Contract review.","Legal / Compliance","Are all new/renewed contracts free of gag clauses? Is there a tracking log for legacy amendments?","All contracts compliant; legacy amendment log current.","Maintenance of Certification violation; Direct Review.","Ongoing; triggered by each contract renewal","Jun 30, 2020","At each contract modification or renewal",""
"COC-API-01","Condition of Certification","§170.404","API Condition — Publish Documentation & Terms","Publish complete business and technical API documentation via publicly accessible hyperlink. Publish terms and conditions including any fees.","Ongoing","https://onc-healthit.github.io/api-resource-guide/404-conditions-maintenance/","Published API documentation URL; terms and conditions URL; fee schedule.","URL verification; documentation completeness review.","Product / Engineering; API Team","Is API documentation publicly accessible? Are terms and fees published?","Documentation URL live and complete; terms published; fee schedule available.","API Condition violation; Direct Review; information blocking exposure.","Ongoing; update when APIs change","Jun 30, 2020 (Cures Act Final Rule)","Ongoing","Applies to modules certified to (g)(7)–(10), (g)(31)–(33)."
"COC-API-02","Maintenance of Certification","§170.404","API Condition — Service Base URL Publication","Publish organization-level FHIR endpoint directory (service base URLs) in FHIR format.","Ongoing","https://onc-healthit.github.io/api-resource-guide/404-conditions-maintenance/","Service Base URL endpoint list; FHIR format verification; public accessibility evidence.","URL verification; FHIR format validation.","Product / Engineering; API Team","Is the Service Base URL list published in FHIR format? Is it publicly accessible?","Service Base URL published; FHIR format validated; publicly accessible.","API Condition violation; Direct Review.","Ongoing; update as endpoints change","Dec 31, 2024 (per HTI-1)","Due Dec 31, 2024; ongoing maintenance",""
"COC-API-03","Maintenance of Certification","§170.404","API Condition — App Registration","Register third-party applications for production use. Authenticity verification. Registration within timeframes.","Ongoing","https://onc-healthit.github.io/api-resource-guide/404-conditions-maintenance/","App registration SLA tracking; registration process documentation; turnaround time records.","Registration log review; SLA compliance check.","Product / Engineering; API Team","Is the app registration process operational? What are actual turnaround times? Are any apps being denied?","Registration process documented; turnaround times within SLA; no unreasonable denials.","API Condition violation; information blocking risk.","Ongoing; triggered by app registration requests","Jun 30, 2020 (Cures Act Final Rule)","Ongoing","Registration within 5 business days per API Resource Guide."
"COC-API-04","Condition of Certification","§170.404","API Condition — No Unreasonable Fees / Pro-Competitive","Comply with permitted and prohibited fee requirements. Abide by openness and pro-competitive conditions. Retain fee records.","Ongoing","https://onc-healthit.github.io/api-resource-guide/404-conditions-maintenance/","Fee schedule with justification per permitted categories; pro-competitive practices documentation; fee records.","Fee structure review; competitive practices assessment.","Legal / Compliance; Finance; API Team","Are all API fees within permitted categories? Are there any anti-competitive restrictions?","Fees within permitted categories; no anti-competitive practices.","API Condition violation; information blocking; Direct Review.","Ongoing; review upon fee changes","Jun 30, 2020 (Cures Act Final Rule)","Ongoing",""
"COC-RWT-01","Condition of Certification","§170.405","Real World Testing — Annual Plan","Develop and submit annual RWT plan demonstrating real-world interoperability. Plan due to ONC-ACB; published on CHPL by December 15.","Ongoing","https://www.ecfr.gov/current/title-45/subtitle-A/subchapter-D/part-170/subpart-D","RWT plan document; CHPL publication URL; ONC-ACB submission receipt.","Plan document review; CHPL verification.","Product / Engineering; Quality Assurance","Is the RWT plan submitted on time? Does it cover all required criteria? Is it on CHPL?","Plan submitted to ONC-ACB and published on CHPL by Dec 15; covers all required criteria with methods, settings, metrics.","RWT Condition violation; Direct Review; certification risk.","Annual (by December 15)","CY 2021","December 15 annually (2026 plan NOT required per EDN2025.03)","EDN2025.03: No 2026 RWT plan required. Monitor for changes."
"COC-RWT-02","Condition of Certification","§170.405","Real World Testing — Annual Results Report","Submit RWT results report to ONC-ACB; publish on CHPL by March 15. Must report non-conformities to ONC-ACB within 30 days of discovery.","Ongoing","https://www.ecfr.gov/current/title-45/subtitle-A/subchapter-D/part-170/subpart-D","RWT results report; CHPL publication URL; metric data; non-conformity log; ONC-ACB submission receipt.","Results report review; CHPL verification; non-conformity log review.","Product / Engineering; Quality Assurance","Are RWT results submitted and published on time? Are non-conformities reported within 30 days?","Results published on CHPL by Mar 15; metrics complete; non-conformities timely reported.","RWT Condition violation; Direct Review; certification risk.","Annual (by March 15)","CY 2021","March 15 annually (2025 results for (g)(7)-(10) only per EDN2025.03)","EDN2025.03: Only (g)(7)-(10) results required for CY 2025. All other criteria exempt."
"COC-RWT-03","Condition of Certification","§170.405","Real World Testing — Non-Conformity Reporting","If developer discovers non-conformity during RWT, report to ONC-ACB within 30 days.","Ongoing","https://www.ecfr.gov/current/title-45/subtitle-A/subchapter-D/part-170/subpart-D","Non-conformity log; ONC-ACB notification records; corrective action documentation.","Non-conformity log review; notification timeline verification.","Quality Assurance; Compliance","Are non-conformities tracked? Were any reported within 30 days?","Non-conformity log maintained; all discoveries reported within 30 days.","Escalated enforcement; certification risk.","Event-driven (within 30 days of discovery)","CY 2021","Within 30 days of each non-conformity discovery",""
"COC-ATTEST-01","Condition of Certification","§170.406","Attestations — Semiannual Compliance Attestation","Semiannual attestation of compliance with §170.401-405. Must indicate compliance, noncompliance, or inapplicability for each Condition. April window (Oct-Mar) by Apr 30; October window (Apr-Sep) by Oct 31.","Ongoing","https://www.ecfr.gov/current/title-45/subtitle-A/subchapter-D/part-170/subpart-D","Attestation submission records; compliance status per condition; noncompliance explanations; corrective action references.","Attestation submission verification; compliance basis documentation review.","Legal / Compliance; Executive","Were attestations submitted on time? Is there documented basis for each compliance assertion? Was noncompliance properly disclosed?","Attestations submitted within windows; compliance basis documented; noncompliance disclosed if applicable.","Attestation Condition violation; public visibility of missing/late attestation on CHPL; Direct Review.","Semiannual (April 30 and October 31)","Apr 1, 2022","April 30 and October 31 each year","Noncompliance attestation does not auto-trigger Direct Review if corrective action underway. Authorized representative must legally bind the developer."
"COC-INSIGHTS-01","Condition of Certification","§170.407","Insights Condition — FHIR App Usage Reporting","Report 'use of FHIR in apps through certified health IT' measure (§170.407(a)(3)(iv)). Only enforced Insights measure per EDN2025.02. All other measures deferred.","Ongoing","https://www.ecfr.gov/current/title-45/subtitle-A/subchapter-D/part-170/subpart-D","FHIR API usage instrumentation data; reporting submission; publicly accessible hyperlink to Insights data.","Data collection verification; reporting submission review.","Product / Engineering; API Team; Compliance","Is FHIR API usage data being collected? Is the system ready to report by July 2027?","FHIR app usage data instrumented; data collection operational; ready for Phase 1 reporting.","Insights Condition violation; Direct Review risk (post-July 2027).","Annual (starting July 2027 for Phase 1)","HTI-1 (Jan 9, 2024)","Phase 1: July 2027. Eligibility: ≥50 hospitals OR ≥500 clinicians using (g)(10) products.","EDN2025.02: All other Insights measures suspended. Only FHIR app measure enforced. Phases 2 (Jul 2028) and 3 (Jul 2029) pending."
"COC-SVAP-01","Maintenance of Certification","§170.405(b)(8)-(9)","SVAP — Standards Version Advancement","Developers are permitted (not required) to update to newer SVAP-approved standard versions. If adopting SVAP versions, must be addressed in RWT plans and results.","Optional","https://healthit.gov/certification-health-it/standards-version-advancement-process-svap/","SVAP adoption records; RWT plan/results entries for SVAP versions; ONC-ACB coordination records.","SVAP adoption review; RWT alignment check.","Product / Engineering","Has the developer adopted any SVAP versions? Are they reflected in RWT plans?","SVAP versions, if adopted, documented and included in RWT.","Non-conformity if SVAP version used but not properly documented/tested.","Ongoing; triggered by SVAP adoption decisions","Jun 30, 2020 (Cures Act Final Rule)","Ongoing; RWT alignment required","Track SVAP-approved standards list on healthit.gov."
"COC-DR-01","Program Obligation","§170.580","Direct Review Readiness","Maintain readiness to respond to ONC Direct Review. If non-conformity suspected, ONC sends Notice of Non-Conformity; developer has 30 days to respond.","Ongoing","https://www.ecfr.gov/current/title-45/subtitle-A/subchapter-D/part-170/subpart-D","Incident response plan for Direct Review; designated responder; document repository for compliance evidence; 30-day response capability.","Readiness assessment; tabletop exercise.","Legal / Compliance; Executive","Is there a Direct Review response plan? Who is the designated responder? Can the team respond within 30 days?","Response plan documented; designated responder identified; compliance evidence readily accessible.","Certification suspension/termination; developer ban; loss of customer CEHRT eligibility; CMS coordination for affected users.","Ongoing (readiness); event-driven (30-day response)","Dec 19, 2016 (EOA Rule)","30 days from receipt of Notice of Non-Conformity","Triggers: public health/safety risk, ONC-ACB practical challenges, CoC/MoC non-compliance."
"COC-CHPL-01","Program Obligation","§170.523 / CHPL","CHPL Listing Maintenance","Monitor and maintain accuracy of CHPL listing(s). Coordinate with ONC-ACB for timely submission of RWT plans/results, attestations, and other required publications.","Ongoing","https://chpl.healthit.gov/","CHPL listing screenshots/records; listing accuracy verification; coordination records with ONC-ACB.","CHPL listing review; accuracy verification.","Compliance; Product Management","Is the CHPL listing current and accurate? Does it reflect current certification status, edition, and criteria?","CHPL listing accurate; all required publications current (RWT, attestations, surveillance).","Customer confusion; CMS EHR Certification ID issues; reputational damage.","Ongoing; triggered by certification changes","2015 (2015 Edition Final Rule)","Ongoing","CMS EHR Certification ID generated from CHPL — accuracy critical for provider PI participation."
"CMS-CEHRT-01","Indirect Obligation","42 CFR §414.1305","CEHRT Definition Maintenance","Product must meet CEHRT definition: Base EHR + (a)(12), (e)(3), (g)(1)/(g)(2), (c)(2)/(c)(3), plus criteria for applicable PI measures. CEHRT functionality must be in place by first day of EHR reporting period; certified by last day.","CEHRT","https://www.cms.gov/medicare/regulations-guidance/promoting-interoperability-programs/certified-ehr-technology","CEHRT criteria coverage matrix; CMS EHR Certification ID; customer reporting period alignment.","CEHRT coverage review; CMS Certification ID verification.","Product Management; Compliance","Does the product meet the full CEHRT definition? Can customers generate a valid CMS EHR Certification ID?","All CEHRT criteria certified; CMS EHR Certification ID generatable via CHPL.","Customers lose PI eligibility; payment penalties (up to -9% MIPS, hospital APU reduction).","Ongoing; triggered by certification changes or lapses","2015 (Cures Act)","Ongoing — any certification lapse immediately impacts customers","Any lapse in certification disqualifies customers from CMS programs."
"CMS-PI-01","Indirect Obligation","MIPS PI / Medicare PI","PI Measure Support — All Required Measures","Product must support all required MIPS PI measures: e-Prescribing, HIE (Send/Receive/Reconcile or Bi-Directional or TEFCA), Patient Exchange, eCR, Immunization Registry, Security Risk Analysis attestation, SAFER Guide attestation.","CEHRT","https://qpp.cms.gov/mips/promoting-interoperability","PI measure coverage matrix; measure calculation evidence; dashboard functionality demonstration.","PI measure functional testing; customer attestation support review.","Product / Engineering; Customer Success","Can the product support all required PI measures? Are measure calculations accurate?","All PI measures supported; calculations verified; attestation workflows available.","Customer payment penalties; competitive disqualification.","Ongoing; annual PI program updates","2015 (MACRA)","Ongoing; align with annual CMS PI program changes","PI worth 25% of MIPS Final Score for 2025."
"CMS-SRA-01","Indirect Obligation","45 CFR §164.308(a)(1)(ii)(A)","HIPAA Security Risk Analysis — Vendor Component","As a cloud EHR vendor/business associate, conduct own SRA. Support customer SRA efforts by providing security control documentation (SOC 2, etc.).","Ongoing","https://www.hhs.gov/hipaa/for-professionals/security/guidance/guidance-risk-analysis/index.html","SRA documentation; risk register; remediation roadmap; SOC 2 Type II report; customer-facing security documentation.","SRA document review; risk register review; SOC 2 report verification.","Security / IT Operations; Compliance","Is the vendor SRA current? Is the risk register maintained? Is SOC 2 current? Can customer SRA documentation be provided?","SRA completed and current; risk register with owners and timelines; SOC 2 Type II report current; customer documentation available.","HIPAA violation; OCR enforcement; customer PI attestation failure (SRA is required Yes/No measure).","At least annual; continuous (update for environmental changes)","HIPAA Security Rule (2003)","Ongoing; retain documentation for 6 years per HIPAA","CMS PI requires provider SRA attestation — providers rely on vendor security documentation."
"CMS-SAFER-01","Indirect Obligation","CMS PI Program / MIPS PI","SAFER Guides — Product Support","Support customer completion of SAFER Guide self-assessments. Product should enable practices recommended in all eight 2025 SAFER Guides. Hospitals must attest to reviewing all guides; MIPS clinicians attest to High Priority Practices guide.","Market-critical","https://healthit.gov/clinical-quality-and-safety/safer-guides/","SAFER Guide coverage analysis; customer-facing documentation; product feature mapping to SAFER recommendations.","SAFER Guide alignment review.","Product / Engineering; Customer Success; Clinical Informatics","Has the product been reviewed against all eight 2025 SAFER Guides? Can customers complete self-assessments using the product?","Product features mapped to SAFER recommendations; customer documentation available; AI safety recommendations addressed if applicable.","Customer attestation difficulty; market differentiation loss.","Annual (align with SAFER Guide updates)","2022 (CMS PI requirement)","2025 SAFER Guides released for 2026 MIPS attestation cycle","2025 revision includes AI-related guidance in Organizational Responsibilities guide."
"HIPAA-PRIV-01","Regulatory Obligation","45 CFR Parts 160, 164 Subparts A, E","HIPAA Privacy Rule — Business Associate Obligations","As a business associate, enter into BAAs with covered entity customers. Comply with HIPAA Privacy Rule requirements applicable to BAs.","Ongoing","https://www.hhs.gov/hipaa/for-professionals/privacy/index.html","BAA template; executed BAAs; Privacy Rule compliance documentation.","BAA review; privacy compliance assessment.","Legal / Compliance","Are BAAs in place with all covered entity customers? Does the BAA template meet current requirements?","BAAs executed with all customers; template current; privacy practices documented.","HIPAA violation; OCR enforcement; customer relationship risk.","Ongoing; triggered by new customer onboarding","HIPAA (1996/2013)","Ongoing","EHI definition (§170.102) aligns with HIPAA designated record set."
"HIPAA-BREACH-01","Regulatory Obligation","HITECH Act; 45 CFR 164 Subpart D","Breach Notification — Business Associate Obligation","Notify covered entity customers of breaches of unsecured PHI without unreasonable delay and no later than 60 days after discovery.","Ongoing","https://www.hhs.gov/hipaa/for-professionals/breach-notification/index.html","Breach response plan; notification timeline documentation; breach log.","Breach response plan review; tabletop exercise.","Security / IT Operations; Legal / Compliance","Is there a breach notification plan? Can the team notify within 60 days? Is the breach log current?","Breach plan documented; notification timeline demonstrated; log maintained.","HIPAA violation; OCR enforcement; state AG enforcement; reputational damage.","Event-driven (within 60 days of discovery); plan reviewed annually","HITECH Act (2009)","Within 60 days of breach discovery","Interacts with SRA — current SRA helps demonstrate reasonable security measures."
"MARKET-SOC2-01","Market Expectation","N/A (voluntary)","SOC 2 Type II Certification","Obtain and maintain SOC 2 Type II report covering Trust Services Criteria (Security, Availability, Processing Integrity, Confidentiality, Privacy).","Market-critical","N/A","SOC 2 Type II report; remediation evidence for any exceptions; auditor letter.","Annual SOC 2 audit; exception remediation tracking.","Security / IT Operations; Compliance","Is the SOC 2 Type II report current? Are there any exceptions? Have exceptions been remediated?","SOC 2 Type II report current (within 12 months); no material exceptions or all remediated.","Customer trust loss; competitive disadvantage; unable to provide SRA support documentation.","Annual","N/A (market expectation)","Annually","Supports customer HIPAA SRA attestation requirements."
"EDN-2025-01","Enforcement Discretion","EDN2025.01","USCDI v3 SOGI Data Elements","No enforcement for omitting sexual orientation, gender identity, sex parameter for clinical use, name to use, pronouns per EO 14168.","Base EHR / CEHRT","https://healthit.gov/certification-health-it/enforcement-discretion-notices/","Documentation of which SOGI elements are omitted vs. supported; EO 14168 compliance posture.","Configuration review.","Product / Engineering; Compliance","Which SOGI elements are implemented? Is the discretion expiration tracked?","SOGI posture documented; expiration monitoring in place.","If discretion expires without regulatory action, omission becomes non-conformity.","Monitor until expiration or regulatory action","Mar 21, 2025","~Mar 2026 (12 months) or regulatory action per EO 14168","Affects all criteria referencing §170.213 (USCDI)."
"EDN-2025-02","Enforcement Discretion","EDN2025.02","Insights Condition — Measure Deferral","Only 'use of FHIR in apps' measure required; all other Insights measures suspended until deregulatory revision or removal.","Ongoing","https://healthit.gov/certification-health-it/enforcement-discretion-notices/","Documentation of which Insights measures are being tracked; FHIR app usage data collection status.","Data collection readiness review.","Product / Engineering; Compliance","Is FHIR app usage data being collected? Are other measures being tracked even under discretion?","FHIR app data collection operational; awareness of deferred measures maintained.","If discretion changes, may need rapid compliance on additional measures.","Monitor until deregulatory action","Apr 29, 2025","July 2027 (Phase 1 FHIR app measure); other measures TBD","Temporary; underlying regulatory obligations remain."
"EDN-2025-03","Enforcement Discretion","EDN2025.03","Real World Testing — Plan/Results Relief","No 2026 RWT plan required. 2025 results only for (g)(7)-(10) certified modules as of Aug 31, 2024.","Ongoing","https://healthit.gov/certification-health-it/enforcement-discretion-notices/","RWT process documentation (maintained even under discretion); (g)(7)-(10) results for CY 2025 if applicable.","RWT readiness review; (g)(7)-(10) results verification.","Quality Assurance; Product / Engineering","Are (g)(7)-(10) RWT results ready for March 2026? Are internal RWT processes maintained?","(g)(7)-(10) results submitted if applicable; internal processes maintained.","Non-compliance if discretion expires and processes not in place.","Through Dec 31, 2026","Jun 30, 2025","Effective through Dec 31, 2026","HTI-5 may remove RWT permanently. Maintain readiness regardless."
"EDN-2025-04","Enforcement Discretion","EDN2025.04","Electronic Case Reporting (f)(5) Standards","Relaxed eCR standards requirements; functional vs. standards-based conformance accepted.","CEHRT","https://healthit.gov/certification-health-it/enforcement-discretion-notices/","eCR implementation status; functional conformance evidence.","eCR functional testing.","Product / Engineering","Is eCR functional even if not fully standards-conformant? Is the Dec 31, 2026 expiration tracked?","eCR functional; standards work in progress; expiration monitored.","Non-conformity if discretion expires without full standards compliance.","Through Dec 31, 2026","Jul 31, 2025","Effective through Dec 31, 2026",""
"EDN-2025-06","Enforcement Discretion","EDN2025.06","HTI-1 Criteria Update Deadline Extension","Extended HTI-1 update/provision deadlines from Jan 1, 2026 to Feb 28, 2026 for revised criteria: (a)(5), (a)(12), (a)(15), (b)(1), (b)(2), (b)(9), (b)(11), (c)(4), (e)(1), (f)(1), (f)(3), (f)(4), (g)(6), (g)(9), (g)(10).","Base EHR / CEHRT","https://healthit.gov/certification-health-it/enforcement-discretion-notices/","Update completion records for each affected criterion; deployment to customers evidence.","Update completion verification per criterion.","Product / Engineering","Have all HTI-1 required updates been completed and deployed by Mar 1, 2026?","All affected criteria updated; updates deployed to customers.","Certification non-conformity; Assurances Condition violation.","One-time (deadline passed Feb 28, 2026)","Nov 24, 2025","Feb 28, 2026 (now past)","Deadline has passed. Verify all updates complete."
